﻿<?xml version="1.0" encoding="utf-8" ?>
<Dictionary>
  <Words>
    <Unrecognized>
      <Word>knokker</Word>
    </Unrecognized>
    <Recognized>
      <Word>Loc</Word>
      <Word>Pos</Word>
      <Word>Arr</Word>
      <Word>Calc</Word>
      <Word>Recalc</Word>
      <Word>Vert</Word>
      <Word>Horz</Word>
      <Word>Coord</Word>
      <Word>X</Word>
      <Word>Y</Word>
      <Word>gc</Word>
      <Word>gl</Word>
      <Word>Params</Word>
      <Word>Param</Word>
      <Word>g</Word>
      <Word>a</Word>
      <Word>b</Word>
      <Word>c</Word>
      <Word>e</Word>
      <Word>r</Word>
      <Word>p</Word>
      <Word>h</Word>
      <Word>s</Word>
      <Word>v</Word>
      <Word>l</Word>
      <Word>dx</Word>
      <Word>dy</Word>
      <Word>Outbounds</Word>
      <Word>Ofs</Word>
      <Word>Sel</Word>
      <Word>Colontitle</Word>
      <Word>Dyna</Word>
      <Word>Pressable</Word>
      <Word>Descr</Word>
      <Word>Prev</Word>
      <Word>src</Word>
      <Word>dest</Word>
      <Word>Nomodal</Word>
      <Word>str</Word>
      <Word>wParam</Word>
      <Word>lParam</Word>
      <Word>Sortmarking</Word>
      <Word>Desc</Word>
      <Word>Mns</Word>
      <Word>btn</Word>
      <Word>Nav</Word>
      <Word>Aggr</Word>
      <Word>msg</Word>
      <Word>Wnd</Word>
      <Word>Proc</Word>
      <Word>Aggregatable</Word>
      <Word>Utils</Word>
      <Word>Rowsel</Word>
      <Word>oper</Word>
      <Word>rb</Word>
      <Word>rtl</Word>
      <Word>Multi</Word>
      <Word>MultiTitle</Word>
      <Word>Index</Word>
      <Word>Nonfit</Word>
      <Word>Num</Word>
      <Word>Trunc</Word>

    </Recognized>
      <Deprecated>
        <Term PreferredAlternate=""></Term>
      </Deprecated>
    <Compound>
      <Term CompoundAlternate="WParam">wparam</Term>
    </Compound>
    <DiscreteExceptions>
      <Term></Term>
    </DiscreteExceptions>
  </Words>
  <Acronyms>
    <CasingExceptions>
      <Acronym>X</Acronym>
      <Acronym>Y</Acronym>
      <Acronym>gl</Acronym>
      <Acronym>g</Acronym>
      <Acronym>Mns</Acronym>
      <Acronym>Multi</Acronym>
      <Acronym>Index</Acronym>
      <Acronym>op</Acronym>
      <Acronym>Eh</Acronym>
      <Acronym>dd</Acronym>
      <Acronym>ddd</Acronym>
      <Acronym>dddd</Acronym>

    </CasingExceptions>
  </Acronyms>
</Dictionary>
