[{"family":"MaterialIcons","fonts":[{"asset":"fonts/MaterialIcons-Regular.otf"}]},{"family":"SF Pro","fonts":[{"weight":400,"asset":"assets/db/fonts/sfpro/SFPRODISPLAYREGULAR.otf"},{"weight":500,"asset":"assets/db/fonts/sfpro/SFPRODISPLAYMEDIUM.otf"},{"weight":700,"asset":"assets/db/fonts/sfpro/SFPRODISPLAYBOLD.otf"},{"weight":300,"style":"italic","asset":"assets/db/fonts/sfpro/SFPRODISPLAYLIGHTITALIC.otf"},{"weight":600,"style":"italic","asset":"assets/db/fonts/sfpro/SFPRODISPLAYSEMIBOLDITALIC.otf"},{"weight":800,"style":"italic","asset":"assets/db/fonts/sfpro/SFPRODISPLAYHEAVYITALIC.otf"},{"weight":900,"style":"italic","asset":"assets/db/fonts/sfpro/SFPRODISPLAYBLACKITALIC.otf"},{"weight":100,"style":"italic","asset":"assets/db/fonts/sfpro/SFPRODISPLAYTHINITALIC.otf"},{"weight":200,"style":"italic","asset":"assets/db/fonts/sfpro/SFPRODISPLAYULTRALIGHTITALIC.otf"}]},{"family":"خط ابل العربي","fonts":[{"weight":600,"asset":"assets/db/fonts/sfpro/alfont_com_SFProAR_semibold.ttf"}]},{"family":"packages/cupertino_icons/CupertinoIcons","fonts":[{"asset":"packages/cupertino_icons/assets/CupertinoIcons.ttf"}]}]