{"assets/db/fonts/sfpro/SFPRODISPLAYBLACKITALIC.otf":["assets/db/fonts/sfpro/SFPRODISPLAYBLACKITALIC.otf"],"assets/db/fonts/sfpro/SFPRODISPLAYBOLD.otf":["assets/db/fonts/sfpro/SFPRODISPLAYBOLD.otf"],"assets/db/fonts/sfpro/SFPRODISPLAYHEAVYITALIC.otf":["assets/db/fonts/sfpro/SFPRODISPLAYHEAVYITALIC.otf"],"assets/db/fonts/sfpro/SFPRODISPLAYLIGHTITALIC.otf":["assets/db/fonts/sfpro/SFPRODISPLAYLIGHTITALIC.otf"],"assets/db/fonts/sfpro/SFPRODISPLAYMEDIUM.otf":["assets/db/fonts/sfpro/SFPRODISPLAYMEDIUM.otf"],"assets/db/fonts/sfpro/SFPRODISPLAYREGULAR.otf":["assets/db/fonts/sfpro/SFPRODISPLAYREGULAR.otf"],"assets/db/fonts/sfpro/SFPRODISPLAYSEMIBOLDITALIC.otf":["assets/db/fonts/sfpro/SFPRODISPLAYSEMIBOLDITALIC.otf"],"assets/db/fonts/sfpro/SFPRODISPLAYTHINITALIC.otf":["assets/db/fonts/sfpro/SFPRODISPLAYTHINITALIC.otf"],"assets/db/fonts/sfpro/SFPRODISPLAYULTRALIGHTITALIC.otf":["assets/db/fonts/sfpro/SFPRODISPLAYULTRALIGHTITALIC.otf"],"assets/db/fonts/sfpro/alfont_com_SFProAR_semibold.ttf":["assets/db/fonts/sfpro/alfont_com_SFProAR_semibold.ttf"],"assets/db/migrations/001.sql":["assets/db/migrations/001.sql"],"assets/db/migrations/002.sql":["assets/db/migrations/002.sql"],"assets/db/migrations/003.sql":["assets/db/migrations/003.sql"],"assets/db/migrations/004.sql":["assets/db/migrations/004.sql"],"assets/db/migrations/005.sql":["assets/db/migrations/005.sql"],"assets/db/migrations/006.sql":["assets/db/migrations/006.sql"],"assets/db/migrations/007.sql":["assets/db/migrations/007.sql"],"assets/db/migrations/008.sql":["assets/db/migrations/008.sql"],"assets/db/migrations/009.sql":["assets/db/migrations/009.sql"],"assets/db/migrations/010.sql":["assets/db/migrations/010.sql"],"assets/db/migrations/011.sql":["assets/db/migrations/011.sql"],"assets/db/migrations/012.sql":["assets/db/migrations/012.sql"],"assets/db/migrations/013.sql":["assets/db/migrations/013.sql"],"assets/db/migrations/014.sql":["assets/db/migrations/014.sql"],"assets/db/migrations/015.sql":["assets/db/migrations/015.sql"],"assets/db/migrations/016.sql":["assets/db/migrations/016.sql"],"assets/db/migrations/017.sql":["assets/db/migrations/017.sql"],"assets/db/migrations/018.sql":["assets/db/migrations/018.sql"],"assets/db/migrations/019.sql":["assets/db/migrations/019.sql"],"assets/db/migrations/README.txt":["assets/db/migrations/README.txt"],"assets/db/schema.sql":["assets/db/schema.sql"],"assets/db/test_schema.sql":["assets/db/test_schema.sql"],"assets/fonts/README.txt":["assets/fonts/README.txt"],"assets/svg/product_placeholder.svg":["assets/svg/product_placeholder.svg"],"packages/cupertino_icons/assets/CupertinoIcons.ttf":["packages/cupertino_icons/assets/CupertinoIcons.ttf"],"packages/esc_pos_utils_plus/resources/capabilities.json":["packages/esc_pos_utils_plus/resources/capabilities.json"],"packages/record_web/assets/js/record.fixwebmduration.js":["packages/record_web/assets/js/record.fixwebmduration.js"],"packages/record_web/assets/js/record.worklet.js":["packages/record_web/assets/js/record.worklet.js"]}